[
  {
    "name": "Typed#keepTyping",
    "filePath": "src/typed-using-raf.js",
    "lines": [
      {
        "lineNumber": 225,
        "line": "  /**"
      },
      {
        "lineNumber": 226,
        "line": "   * Continue to the next string & begin typing"
      },
      {
        "lineNumber": 227,
        "line": "   * @param {string} curString the current string in the strings array"
      },
      {
        "lineNumber": 228,
        "line": "   * @param {number} curStrPos the current position in the curString"
      },
      {
        "lineNumber": 229,
        "line": "   * @private"
      },
      {
        "lineNumber": 230,
        "line": "   */"
      },
      {
        "lineNumber": 231,
        "line": "  keepTyping(curString, curStrPos, numChars) {"
      }
    ],
    "codeParams": [
      "curString",
      "curStrPos",
      "numChars"
    ],
    "docParams": [
      "curString",
      "curStrPos"
    ]
  },
  {
    "name": "Typed#keepTyping",
    "filePath": "src/typed.js",
    "lines": [
      {
        "lineNumber": 191,
        "line": "  /**"
      },
      {
        "lineNumber": 192,
        "line": "   * Continue to the next string & begin typing"
      },
      {
        "lineNumber": 193,
        "line": "   * @param {string} curString the current string in the strings array"
      },
      {
        "lineNumber": 194,
        "line": "   * @param {number} curStrPos the current position in the curString"
      },
      {
        "lineNumber": 195,
        "line": "   * @private"
      },
      {
        "lineNumber": 196,
        "line": "   */"
      },
      {
        "lineNumber": 197,
        "line": "  keepTyping(curString, curStrPos, numChars) {"
      }
    ],
    "codeParams": [
      "curString",
      "curStrPos",
      "numChars"
    ],
    "docParams": [
      "curString",
      "curStrPos"
    ]
  }
]